<model_info><model_components><categories><category name="Measurements"><components><component name="Vabat10" type="Voltage Measurement" /><component name="Ia2" type="Current Measurement" /><component name="Ib2" type="Current Measurement" /><component name="Ic2" type="Current Measurement" /><component name="Vab2" type="Voltage Measurement" /><component name="Vbc2" type="Voltage Measurement" /><component name="Vca2" type="Voltage Measurement" /></components></category><category name="Sources"><components><component name="gnd12" type="Ground" /><component name="gnd17" type="Ground" /><component name="gnd18" type="Ground" /><component name="gnd24" type="Ground" /><component name="gnd26" type="Ground" /><component name="G4" type="Three Phase Voltage Source" /></components></category><category name="Transformers"><components><component name="Tr5" type="Three Phase Two Winding Transformer" /><component name="Tr3" type="Three Phase Two Winding Transformer" /></components></category><category name="Microgrid"><categories><category name="Meter"><components><component name="Three-phase Meter2" type="Three-phase Meter" /></components></category><category name="Distributed Energy Resources"><categories><category name="PV Power Plant"><categories><category name="Legacy"><components><component name="PV Plant (Average)" type="PV Plant (Average)" /></components></category></categories></category></categories></category></categories></category><category name="Transmission Lines"><categories><category name="PI Section"><components><component name="Transmission Line2" type="Transmission Line" /><component name="Transmission Line3" type="Transmission Line" /></components></category></categories></category><category name="Signal Processing"><categories><category name="Sources"><components><component name="PV_in.V_ref" type="SCADA Input" /><component name="PV_in.Q_mode" type="SCADA Input" /><component name="PV_in.Enable" type="SCADA Input" /><component name="PV_in.Connect" type="SCADA Input" /><component name="PV_in.Irradiation" type="SCADA Input" /><component name="PV_in.Q_ref" type="SCADA Input" /></components></category><category name="System"><components><component name="PV_in.Bus Join1" type="Bus Join" /></components></category><category name="Sinks"><components><component name="PV_out.Out" type="Probe" /></components></category></categories></category><category name="Passive Components"><components><component name="Parallel RLC Branch1" type="Parallel RLC Branch" /></components></category></categories></model_components></model_info>