<model_info><model_components><categories><category name="Sources"><components><component name="gnd3" type="Ground" /><component name="G2" type="Three Phase Voltage Source" /><component name="gnd2" type="Ground" /><component name="gnd1" type="Ground" /><component name="G1" type="Three Phase Voltage Source" /><component name="gnd5" type="Ground" /><component name="gnd7" type="Ground" /><component name="gnd8" type="Ground" /><component name="gnd6" type="Ground" /><component name="gnd4" type="Ground" /></components></category><category name="Measurements"><components><component name="Vab1" type="Voltage Measurement" /><component name="Vout_n1" type="Voltage Measurement" /><component name="Vca1" type="Voltage Measurement" /><component name="Vba1" type="Voltage Measurement" /><component name="Ia1" type="Current Measurement" /><component name="Ic1" type="Current Measurement" /><component name="Ib1" type="Current Measurement" /></components></category><category name="Transmission Lines"><categories><category name="PI Section"><components><component name="OHL 1-3" type="Transmission Line" /><component name="OHL 1-2" type="Transmission Line" /></components></category></categories></category><category name="Transformers"><components><component name="Tr1" type="Three Phase Two Winding Transformer" /><component name="Tr2" type="Three Phase Two Winding Transformer" /></components></category><category name="Passive Components"><components><component name="R2" type="Resistor" /><component name="R3" type="Resistor" /><component name="R1" type="Resistor" /></components></category></categories></model_components></model_info>