<model_info><model_components><categories><category name="Transformers"><components><component name="Tr7" type="Three Phase Two Winding Transformer" /></components></category><category name="Signal Processing"><categories><category name="Sources"><components><component name="PV_in.Enable" type="SCADA Input" /><component name="PV_in.Q_mode" type="SCADA Input" /><component name="PV_in.Q_ref" type="SCADA Input" /><component name="PV_in.Connect" type="SCADA Input" /><component name="PV_in.Irradiation" type="SCADA Input" /><component name="PV_in.V_ref" type="SCADA Input" /><component name="PV_Plant.Control.PLL.Constant1" type="Constant" /><component name="PV_Plant.Control.duty_cycle.o_ref" type="Constant" /><component name="PV_Plant.Control.duty_cycle.ZSM.Constant1" type="Constant" /><component name="PV_Plant.Control.duty_cycle.ZSM.Constant3" type="Constant" /><component name="PV_Plant.Control.duty_cycle.ZSM.Constant2" type="Constant" /><component name="PV_Plant.Control.duty_cycle.ZSM.Constant4" type="Constant" /><component name="PV_Plant.Control.Grid_follow.Constant3" type="Constant" /><component name="PV_Plant.Control.Grid_follow.PV_Area_m2" type="Constant" /><component name="PV_Plant.Control.Grid_follow.ControlSignal_Calculation.Damp" type="Constant" /><component name="PV_Plant.Control.Grid_follow.Constant1" type="Constant" /><component name="PV_Plant.Control.Grid_follow.Constant2" type="Constant" /><component name="PV_Plant.VDC" type="Constant" /></components></category><category name="System"><components><component name="PV_in.Bus Join1" type="Bus Join" /><component name="PV_Plant.Control.PLL.Signal switch3" type="Signal switch" /><component name="PV_Plant.Control.PLL.Signal switch2" type="Signal switch" /><component name="PV_Plant.Control.PLL.Signal switch1" type="Signal switch" /><component name="PV_Plant.Control.Grid_follow.Signal switch4" type="Signal switch" /><component name="PV_Plant.Control.Grid_follow.Signal switch2" type="Signal switch" /><component name="PV_Plant.Control.Grid_follow.Signal switch1" type="Signal switch" /><component name="PV_Plant.Control.Grid_follow.Signal switch3" type="Signal switch" /><component name="PV_Plant.Output.Bus Join1" type="Bus Join" /><component name="PV_Plant.Input.Bus Split2" type="Bus Split" /></components></category><category name="Math Operations"><components><component name="PV_Plant.Control.PLL.Gain5" type="Gain" /><component name="PV_Plant.Control.PLL.Gain4" type="Gain" /><component name="PV_Plant.Control.PLL.Gain1" type="Gain" /><component name="PV_Plant.Control.PLL.Gain3" type="Gain" /><component name="PV_Plant.Control.duty_cycle.Limit2" type="Limit" /><component name="PV_Plant.Control.duty_cycle.Limit3" type="Limit" /><component name="PV_Plant.Control.duty_cycle.ZSM.Limit1" type="Limit" /><component name="PV_Plant.Control.duty_cycle.ZSM.Sum1" type="Sum" /><component name="PV_Plant.Control.duty_cycle.ZSM.Product2" type="Product" /><component name="PV_Plant.Control.duty_cycle.ZSM.Min Max1" type="Min Max" /><component name="PV_Plant.Control.duty_cycle.ZSM.Sum2" type="Sum" /><component name="PV_Plant.Control.duty_cycle.ZSM.Sum5" type="Sum" /><component name="PV_Plant.Control.duty_cycle.ZSM.Product1" type="Product" /><component name="PV_Plant.Control.duty_cycle.ZSM.Sum7" type="Sum" /><component name="PV_Plant.Control.duty_cycle.ZSM.Sum3" type="Sum" /><component name="PV_Plant.Control.duty_cycle.ZSM.Sum6" type="Sum" /><component name="PV_Plant.Control.duty_cycle.ZSM.Sum8" type="Sum" /><component name="PV_Plant.Control.duty_cycle.ZSM.Min Max2" type="Min Max" /><component name="PV_Plant.Control.Grid_follow.Current_abc_to_dq.Gain2" type="Gain" /><component name="PV_Plant.Control.Grid_follow.Current_abc_to_dq.Gain1" type="Gain" /><component name="PV_Plant.Control.Grid_follow.to_pu" type="Gain" /><component name="PV_Plant.Control.Grid_follow.PV_eff" type="Gain" /><component name="PV_Plant.Control.Grid_follow.Gain3" type="Gain" /><component name="PV_Plant.Control.Grid_follow.Current_ref.Product6" type="Product" /><component name="PV_Plant.Control.Grid_follow.Current_ref.Product5" type="Product" /><component name="PV_Plant.Control.Grid_follow.Current_ref.Limit3" type="Limit" /><component name="PV_Plant.Control.Grid_follow.Current_ref.Product1" type="Product" /><component name="PV_Plant.Control.Grid_follow.Current_ref.Product4" type="Product" /><component name="PV_Plant.Control.Grid_follow.Current_ref.Product7" type="Product" /><component name="PV_Plant.Control.Grid_follow.Current_ref.Product2" type="Product" /><component name="PV_Plant.Control.Grid_follow.Current_ref.Product3" type="Product" /><component name="PV_Plant.Control.Grid_follow.Current_ref.Sum4" type="Sum" /><component name="PV_Plant.Control.Grid_follow.Current_ref.Sum3" type="Sum" /><component name="PV_Plant.Control.Grid_follow.Power_Meas.Gain5" type="Gain" /><component name="PV_Plant.Control.Grid_follow.Power_Meas.Power_Meas_DQpu.Sum2" type="Sum" /><component name="PV_Plant.Control.Grid_follow.Power_Meas.Power_Meas_DQpu.Sum1" type="Sum" /><component name="PV_Plant.Control.Grid_follow.Power_Meas.Power_Meas_DQpu.Product1" type="Product" /><component name="PV_Plant.Control.Grid_follow.Power_Meas.Power_Meas_DQpu.Product2" type="Product" /><component name="PV_Plant.Control.Grid_follow.Power_Meas.Power_Meas_DQpu.Product4" type="Product" /><component name="PV_Plant.Control.Grid_follow.Power_Meas.Power_Meas_DQpu.Product3" type="Product" /><component name="PV_Plant.Control.Grid_follow.Power_Meas.Gain6" type="Gain" /><component name="PV_Plant.Control.Grid_follow.Power_Meas.Gain4" type="Gain" /><component name="PV_Plant.Control.Grid_follow.ControlSignal_Calculation.Gain10" type="Gain" /><component name="PV_Plant.Control.Grid_follow.ControlSignal_Calculation.Gain1" type="Gain" /><component name="PV_Plant.Control.Grid_follow.ControlSignal_Calculation.Sum3" type="Sum" /><component name="PV_Plant.Control.Grid_follow.ControlSignal_Calculation.Gain2" type="Gain" /><component name="PV_Plant.Control.Grid_follow.ControlSignal_Calculation.Gain11" type="Gain" /><component name="PV_Plant.Control.Grid_follow.ControlSignal_Calculation.Sum1" type="Sum" /><component name="PV_Plant.Control.Grid_follow.ControlSignal_Calculation.Product5" type="Product" /><component name="PV_Plant.Control.Grid_follow.ControlSignal_Calculation.Product7" type="Product" /><component name="PV_Plant.Control.Grid_follow.ControlSignal_Calculation.PI_d.Sum5" type="Sum" /><component name="PV_Plant.Control.Grid_follow.ControlSignal_Calculation.PI_d.Ki" type="Gain" /><component name="PV_Plant.Control.Grid_follow.ControlSignal_Calculation.PI_d.Kb" type="Gain" /><component name="PV_Plant.Control.Grid_follow.ControlSignal_Calculation.PI_d.Sum7" type="Sum" /><component name="PV_Plant.Control.Grid_follow.ControlSignal_Calculation.PI_d.Kp" type="Gain" /><component name="PV_Plant.Control.Grid_follow.ControlSignal_Calculation.PI_d.Sum6" type="Sum" /><component name="PV_Plant.Control.Grid_follow.ControlSignal_Calculation.PI_d.Limit1" type="Limit" /><component name="PV_Plant.Control.Grid_follow.ControlSignal_Calculation.Sum8" type="Sum" /><component name="PV_Plant.Control.Grid_follow.ControlSignal_Calculation.Sum9" type="Sum" /><component name="PV_Plant.Control.Grid_follow.ControlSignal_Calculation.Product6" type="Product" /><component name="PV_Plant.Control.Grid_follow.ControlSignal_Calculation.Sum5" type="Sum" /><component name="PV_Plant.Control.Grid_follow.ControlSignal_Calculation.Product8" type="Product" /><component name="PV_Plant.Control.Grid_follow.ControlSignal_Calculation.PI_q.Kp" type="Gain" /><component name="PV_Plant.Control.Grid_follow.ControlSignal_Calculation.PI_q.Limit1" type="Limit" /><component name="PV_Plant.Control.Grid_follow.ControlSignal_Calculation.PI_q.Sum5" type="Sum" /><component name="PV_Plant.Control.Grid_follow.ControlSignal_Calculation.PI_q.Kb" type="Gain" /><component name="PV_Plant.Control.Grid_follow.ControlSignal_Calculation.PI_q.Ki" type="Gain" /><component name="PV_Plant.Control.Grid_follow.ControlSignal_Calculation.PI_q.Sum7" type="Sum" /><component name="PV_Plant.Control.Grid_follow.ControlSignal_Calculation.PI_q.Sum6" type="Sum" /><component name="PV_Plant.Control.Grid_follow.ControlSignal_Calculation.Sum2" type="Sum" /><component name="PV_Plant.Control.Grid_follow.ControlSignal_Calculation.Product2" type="Product" /><component name="PV_Plant.Control.Grid_follow.ControlSignal_Calculation.Gain5" type="Gain" /><component name="PV_Plant.Control.Grid_follow.ControlSignal_Calculation.Sum6" type="Sum" /><component name="PV_Plant.Control.Grid_follow.ControlSignal_Calculation.Limit3" type="Limit" /><component name="PV_Plant.Control.Grid_follow.ControlSignal_Calculation.Sum7" type="Sum" /><component name="PV_Plant.Control.Grid_follow.ControlSignal_Calculation.Product1" type="Product" /><component name="PV_Plant.Control.Grid_follow.Gain4" type="Gain" /><component name="PV_Plant.Control.Grid_follow.Gain2" type="Gain" /><component name="PV_Plant.Control.Grid_follow.PI_Vt.Sum6" type="Sum" /><component name="PV_Plant.Control.Grid_follow.PI_Vt.Sum5" type="Sum" /><component name="PV_Plant.Control.Grid_follow.PI_Vt.Kp" type="Gain" /><component name="PV_Plant.Control.Grid_follow.PI_Vt.Limit1" type="Limit" /><component name="PV_Plant.Control.Grid_follow.PI_Vt.Sum7" type="Sum" /><component name="PV_Plant.Control.Grid_follow.PI_Vt.Ki" type="Gain" /><component name="PV_Plant.Control.Grid_follow.PI_Vt.Kb" type="Gain" /><component name="PV_Plant.Control.Grid_follow.Product2" type="Product" /><component name="PV_Plant.Control.Grid_follow.Sum1" type="Sum" /></components></category><category name="Extras"><components><component name="PV_Plant.Control.PLL.PLL" type="Three phase PLL" /><component name="PV_Plant.Control.duty_cycle.dq to abc1" type="dq to abc" /><component name="PV_Plant.Control.Grid_follow.Current_abc_to_dq.abc to dq1" type="abc to dq" /></components></category><category name="Sinks"><components><component name="PV_Plant.Control.PLL.f_meas" type="Probe" /><component name="PV_Plant.Control.PLL.Vt_meas" type="Probe" /><component name="PV_Plant.Control.duty_cycle.m_d" type="Probe" /><component name="PV_Plant.Control.duty_cycle.Da" type="Probe" /><component name="PV_Plant.Control.duty_cycle.Db" type="Probe" /><component name="PV_Plant.Control.duty_cycle.Dz_C" type="Probe" /><component name="PV_Plant.Control.duty_cycle.Dz_A" type="Probe" /><component name="PV_Plant.Control.duty_cycle.m_q" type="Probe" /><component name="PV_Plant.Control.duty_cycle.Dz_B" type="Probe" /><component name="PV_Plant.Control.duty_cycle.ZSM.Z0" type="Probe" /><component name="PV_Plant.Control.duty_cycle.Dc" type="Probe" /><component name="PV_Plant.Control.Grid_follow.Current_abc_to_dq.Termination1" type="Termination" /><component name="PV_Plant.Control.Grid_follow.irr_in" type="Probe" /><component name="PV_Plant.Control.Grid_follow.Qmode" type="Digital Probe" /><component name="PV_Plant.Control.Grid_follow.Iq_ref" type="Probe" /><component name="PV_Plant.Control.Grid_follow.Qref" type="Probe" /><component name="PV_Plant.Control.Grid_follow.Ud_c" type="Probe" /><component name="PV_Plant.Control.Grid_follow.w_pu" type="Probe" /><component name="PV_Plant.Control.Grid_follow.Vt_pu" type="Probe" /><component name="PV_Plant.Control.Grid_follow.pf" type="Probe" /><component name="PV_Plant.Control.Grid_follow.Pref" type="Probe" /><component name="PV_Plant.Control.Grid_follow.S" type="Probe" /><component name="PV_Plant.Control.Grid_follow.Q" type="Probe" /><component name="PV_Plant.Control.Grid_follow.ControlSignal_Calculation.Vdc" type="Probe" /><component name="PV_Plant.Control.Grid_follow.Vd" type="Probe" /><component name="PV_Plant.Control.Grid_follow.P" type="Probe" /><component name="PV_Plant.Control.Grid_follow.Vq" type="Probe" /><component name="PV_Plant.Control.Grid_follow.wt_pll" type="Probe" /><component name="PV_Plant.Control.Grid_follow.Uq_c" type="Probe" /><component name="PV_Plant.Control.Grid_follow.iq" type="Probe" /><component name="PV_Plant.Control.Grid_follow.id" type="Probe" /><component name="PV_Plant.Control.Grid_follow.Id_ref" type="Probe" /><component name="PV_Plant.enable" type="Digital Probe" /><component name="PV_Plant.On" type="Digital Probe" /><component name="PV_out.Out" type="Probe" /></components></category><category name="Discrete"><components><component name="PV_Plant.Control.Grid_follow.Power_Meas.Power_Meas_DQpu.LPF_Q" type="Discrete Transfer Function" /><component name="PV_Plant.Control.Grid_follow.Power_Meas.Power_Meas_DQpu.LPF_P" type="Discrete Transfer Function" /><component name="PV_Plant.Control.Grid_follow.ControlSignal_Calculation.LPF_dc" type="Discrete Transfer Function" /><component name="PV_Plant.Control.Grid_follow.ControlSignal_Calculation.PI_d.Integrator1" type="Integrator" /><component name="PV_Plant.Control.Grid_follow.ControlSignal_Calculation.PI_q.Integrator1" type="Integrator" /><component name="PV_Plant.Control.Grid_follow.Limit_PQref.Q rate limit" type="Rate Limiter" /><component name="PV_Plant.Control.Grid_follow.Limit_PQref.S rate limit" type="Rate Limiter" /><component name="PV_Plant.Control.Grid_follow.Limit_PQref.P rate limit" type="Rate Limiter" /><component name="PV_Plant.Control.Grid_follow.Limit_PQref.Unit Delay2" type="Unit Delay" /><component name="PV_Plant.Control.Grid_follow.Limit_PQref.Unit Delay1" type="Unit Delay" /><component name="PV_Plant.Control.Grid_follow.PI_Vt.Integrator1" type="Integrator" /></components></category><category name="Functions and Tables"><components><component name="PV_Plant.Control.Grid_follow.Power_Meas.Power_Meas_DQpu.S_and_pf" type="C function" /><component name="PV_Plant.Control.Grid_follow.delay" type="C function" /><component name="PV_Plant.Control.Grid_follow.Limit_PQref.limS_overPQ.S limiting over PQ" type="C function" /><component name="PV_Plant.Control.Grid_follow.Limit_PQref.priority_PQlim.PQ limiting with priority" type="C function" /><component name="PV_Plant.delay" type="C function" /></components></category><category name="Logical Operations"><components><component name="PV_Plant.Control.Grid_follow.Edge Detection1" type="Edge Detection" /><component name="PV_Plant.Control.Grid_follow.Logical operator1" type="Logical operator" /><component name="PV_Plant.Control.Grid_follow.Logical operator2" type="Logical operator" /><component name="PV_Plant.Logical operator1" type="Logical operator" /></components></category></categories></category><category name="Sources"><components><component name="Vs1" type="Three Phase Voltage Source" /><component name="PV_Plant.Vs2" type="Signal Controlled Voltage Source" /></components></category><category name="Measurements"><components><component name="PV_Plant.Vc" type="Voltage Measurement" /><component name="PV_Plant.Ib" type="Current Measurement" /><component name="PV_Plant.Iinv_in" type="Current Measurement" /><component name="PV_Plant.Ia3" type="Current Measurement" /><component name="PV_Plant.Ic" type="Current Measurement" /><component name="PV_Plant.Va3" type="Voltage Measurement" /><component name="PV_Plant.Va2" type="Voltage Measurement" /><component name="PV_Plant.Vb" type="Voltage Measurement" /><component name="PV_Plant.Va1" type="Voltage Measurement" /><component name="PV_Plant.Ia2" type="Current Measurement" /><component name="PV_Plant.Vab1" type="Voltage Measurement" /><component name="PV_Plant.Ia1" type="Current Measurement" /><component name="PV_Plant.Vab" type="Voltage Measurement" /><component name="PV_Plant.Ia" type="Current Measurement" /><component name="PV_Plant.Vbc1" type="Voltage Measurement" /><component name="PV_Plant.Vdc" type="Voltage Measurement" /><component name="PV_Plant.Va" type="Voltage Measurement" /></components></category><category name="Converters"><components><component name="PV_Plant.3ph_inverter 1" type="Three Phase Inverter" /></components></category><category name="Contactors"><categories><category name="Ideal"><components><component name="PV_Plant.S1" type="Triple Pole Single Throw Contactor" /></components></category></categories></category><category name="Passive Components"><components><component name="PV_Plant.C3" type="Capacitor" /><component name="PV_Plant.R0a" type="Resistor" /><component name="PV_Plant.R7" type="Resistor" /><component name="PV_Plant.Ca1" type="Capacitor" /><component name="PV_Plant.L6" type="Inductor" /><component name="PV_Plant.L4" type="Inductor" /><component name="PV_Plant.R0b" type="Resistor" /><component name="PV_Plant.R0b1" type="Resistor" /><component name="PV_Plant.R0a1" type="Resistor" /><component name="PV_Plant.R0c1" type="Resistor" /><component name="PV_Plant.L5" type="Inductor" /><component name="PV_Plant.C2" type="Capacitor" /><component name="PV_Plant.L1" type="Inductor" /><component name="PV_Plant.R0c" type="Resistor" /><component name="PV_Plant.L3" type="Inductor" /><component name="PV_Plant.R9" type="Resistor" /><component name="PV_Plant.R4" type="Resistor" /><component name="PV_Plant.L2" type="Inductor" /><component name="PV_Plant.R8" type="Resistor" /><component name="PV_Plant.C1" type="Capacitor" /></components></category></categories></model_components></model_info>