<model_info><model_components><categories><category name="Sources"><components><component name="gnd21" type="Ground" /><component name="gnd22" type="Ground" /><component name="gnd23" type="Ground" /><component name="gnd24" type="Ground" /><component name="gnd25" type="Ground" /><component name="gnd26" type="Ground" /><component name="gnd27" type="Ground" /><component name="G4" type="Three Phase Voltage Source" /><component name="gnd1" type="Ground" /><component name="G1" type="Three Phase Voltage Source" /><component name="gnd12" type="Ground" /><component name="gnd17" type="Ground" /><component name="gnd18" type="Ground" /><component name="gnd19" type="Ground" /><component name="gnd20" type="Ground" /><component name="G2" type="Three Phase Voltage Source" /><component name="gnd4" type="Ground" /><component name="gnd9" type="Ground" /><component name="G3" type="Three Phase Voltage Source" /></components></category><category name="Transmission Lines"><categories><category name="PI Section"><components><component name="Transmission Line9" type="Transmission Line" /><component name="Transmission Line2" type="Transmission Line" /><component name="Transmission Line3" type="Transmission Line" /><component name="Transmission Line6" type="Transmission Line" /><component name="Transmission Line7" type="Transmission Line" /><component name="Transmission Line8" type="Transmission Line" /></components></category></categories></category><category name="Microgrid"><categories><category name="Meter"><components><component name="Three-phase Meter1" type="Three-phase Meter" /><component name="Three-phase Meter2" type="Three-phase Meter" /><component name="Three-phase Meter3" type="Three-phase Meter" /></components></category></categories></category><category name="Passive Components"><components><component name="Parallel RLC Branch1" type="Parallel RLC Branch" /><component name="Parallel RLC Branch2" type="Parallel RLC Branch" /></components></category><category name="Measurements"><components><component name="Vabat10" type="Voltage Measurement" /><component name="Vabat6" type="Voltage Measurement" /><component name="Vca2" type="Voltage Measurement" /><component name="Ia1" type="Current Measurement" /><component name="Ib1" type="Current Measurement" /><component name="Ic1" type="Current Measurement" /><component name="Vab1" type="Voltage Measurement" /><component name="Vbc1" type="Voltage Measurement" /><component name="Vca1" type="Voltage Measurement" /><component name="Ia2" type="Current Measurement" /><component name="Ib2" type="Current Measurement" /><component name="Ic2" type="Current Measurement" /><component name="Vab2" type="Voltage Measurement" /><component name="Vbc2" type="Voltage Measurement" /></components></category><category name="Transformers"><components><component name="Tr3" type="Three Phase Two Winding Transformer" /><component name="Tr5" type="Three Phase Two Winding Transformer" /><component name="Tr1" type="Three Phase Two Winding Transformer" /><component name="Tr2" type="Three Phase Two Winding Transformer" /></components></category></categories></model_components></model_info>