<model_info><model_components><categories><category name="Sources"><components><component name="gnd1" type="Ground" /><component name="G1" type="Three Phase Voltage Source" /><component name="gnd2" type="Ground" /><component name="gnd3" type="Ground" /><component name="G2" type="Three Phase Voltage Source" /><component name="G4" type="Three Phase Voltage Source" /><component name="gnd4" type="Ground" /><component name="gnd5" type="Ground" /><component name="gnd6" type="Ground" /><component name="gnd12" type="Ground" /><component name="gnd7" type="Ground" /><component name="gnd13" type="Ground" /><component name="gnd9" type="Ground" /><component name="gnd14" type="Ground" /><component name="G3" type="Three Phase Voltage Source" /><component name="gnd15" type="Ground" /><component name="gnd16" type="Ground" /><component name="gnd10" type="Ground" /><component name="gnd11" type="Ground" /></components></category><category name="Transmission Lines"><categories><category name="PI Section"><components><component name="OHL 1-2" type="Transmission Line" /><component name="OHL 1-3" type="Transmission Line" /><component name="OHL 1-5" type="Transmission Line" /><component name="OHL 1-4" type="Transmission Line" /></components></category></categories></category><category name="Measurements"><components><component name="Ia1" type="Current Measurement" /><component name="Ib1" type="Current Measurement" /><component name="Ic1" type="Current Measurement" /><component name="Vab1" type="Voltage Measurement" /><component name="Vba1" type="Voltage Measurement" /><component name="Vca1" type="Voltage Measurement" /><component name="Vout_n1" type="Voltage Measurement" /><component name="Vout_n2" type="Voltage Measurement" /><component name="Ia2" type="Current Measurement" /><component name="Vout_n3" type="Voltage Measurement" /><component name="Ib2" type="Current Measurement" /><component name="Ic2" type="Current Measurement" /><component name="Vab2" type="Voltage Measurement" /><component name="Vba2" type="Voltage Measurement" /><component name="Vca2" type="Voltage Measurement" /></components></category><category name="Transformers"><components><component name="Tr1" type="Three Phase Two Winding Transformer" /><component name="Tr2" type="Three Phase Two Winding Transformer" /><component name="Tr4" type="Three Phase Two Winding Transformer" /><component name="Tr3" type="Three Phase Two Winding Transformer" /></components></category></categories></model_components></model_info>